rank_test_score,mean_test_score,std_test_score,mean_train_score,std_train_score,mean_fit_time,std_fit_time,mean_score_time,std_score_time,param_model__C,param_model__tol,params,split0_test_score,split0_train_score
1,0.6400035082297711,0.0,0.6424941424046688,0.0,5.947346925735474,0.0,0.03839278221130371,0.0,0.1,0.0001,"{'model__C': 0.1, 'model__tol': 0.0001}",0.6400035082297711,0.6424941424046688
1,0.6400035082297711,0.0,0.6424849185367058,0.0,5.8766350746154785,0.0,0.04630398750305176,0.0,0.1,0.50051,"{'model__C': 0.1, 'model__tol': 0.50051}",0.6400035082297711,0.6424849185367058
1,0.6400035082297711,0.0,0.6424998227707472,0.0,2.771450996398926,0.0,0.0350339412689209,0.0,0.1,0.1,"{'model__C': 0.1, 'model__tol': 0.1}",0.6400035082297711,0.6424998227707472
4,0.6399222907471381,0.0,0.6425977069200995,0.0,2.7448761463165283,0.0,0.03547072410583496,0.0,10,0.0001,"{'model__C': 10, 'model__tol': 0.0001}",0.6399222907471381,0.6425977069200995
4,0.6399222907471381,0.0,0.6425977069200995,0.0,1.7769699096679688,0.0,0.020895957946777344,0.0,10,0.1,"{'model__C': 10, 'model__tol': 0.1}",0.6399222907471381,0.6425977069200995
6,0.6398635477582846,0.0,0.6425941706660201,0.0,2.9329516887664795,0.0,0.022062063217163086,0.0,1,0.0001,"{'model__C': 1, 'model__tol': 0.0001}",0.6398635477582846,0.6425941706660201
6,0.6398635477582846,0.0,0.6426055332604135,0.0,2.7770938873291016,0.0,0.03980207443237305,0.0,1,0.50051,"{'model__C': 1, 'model__tol': 0.50051}",0.6398635477582846,0.6426055332604135
6,0.6398635477582846,0.0,0.6425941706660201,0.0,2.8487610816955566,0.0,0.024039030075073242,0.0,1,0.1,"{'model__C': 1, 'model__tol': 0.1}",0.6398635477582846,0.6425941706660201
9,0.6398410732645055,0.0,0.6425920258099922,0.0,2.7206180095672607,0.0,0.02880406379699707,0.0,10,0.50051,"{'model__C': 10, 'model__tol': 0.50051}",0.6398410732645055,0.6425920258099922
